smiles,Tg
CC,48.99
CCC,50.857
C=CCC,58
C=CCC,58
C=CCC,61
C=CCC,61
CCC(C)C,65
CCCC,74.571
CC(C)C(C)C,76
CCC(C)C,76
CCC(C)CC,77
CCC(C)CC,77
CCC(C)CC,77
CCCC(C)C,78
CCCC(C)C,78
CCCC(C)C,78
CCCCC,78.714
CCCC(C)C,80
CCCC(C)CC,80
CCCC(C)C,80
CC=O,82
C1CCCCCC1,83
CC1CCCCC1,85
CC1CCCCC1,85
CCCC=CC,85
CC(C)CBr,85
CC1CCCCC1,85
CC=CCCC,85
CCC(C)CC,88
CC(C)CCl,88
CCC(C)CC,88
CC(C)CCl,88
CC(C)CCl,89.4
CC(C)CCl,89.4
CCCCCC=C,91
CC1CCCO1,91
C=CCCCCC,91
CCCCCC,91.428
C1CCC=CC1,92
C1=CCCCC1,92
CCOCC,92.55
CCOCC,92.55
CCCO,93
CCCO,93
CCCCC=CC,93
OCC,93
CCO,93
OCC,94
CC1CCC=CC1,94
CCCCCCC,94.143
CC(C)CBr,95
CC(C)CBr,95
OCC,96
OCC,96
CCCO,96.2
CCCO,96.2
CCCCBr,96.5
CCCCBr,96.5
CCCCCCCC,96.714
CC1CCCCC1C,97
CCCC#N,97
CC(C)CBr,97
CCO,97
CCCC#N,97
OCC,97.05
OCC,97.25
CCO,97.25
CCCO,98
CCCCC(C)CC,98
CCC1CCCCC1,98
CCC1CCCCC1,98
CCC1CCCCC1,98
CCCCC(C)CC,98
CCCC(C)CC,99
CCCC(C)CC,99
CC(C)CBr,99.1
CC(C)CBr,99.1
CCCO,99.85
CCCO,99.95
CO,100
CCC(C)O,100
CCCO,100
CO,100
CCCCCCCCC,100
CC(=O)C,100.15
CC(C)=O,100.15
CCCCCC=CC,101
CC=CCCCCC,101
CC(C)OC(C)C,101.35
CC(C)OC(C)C,101.35
CO,102.65
CO,102.75
CCCO,103
CO,103
CO,103
CCCO,103
CCCCCCCCCC,103.143
CCN(CC)CC,103.15
CCN(CC)CC,103.15
CCCCBr,103.3
CCCCBr,103.3
CC(C)CCBr,105
CO,105
CC(C)CCBr,105
CCC(Br)CC,106
CCC(Br)CC,106
CC(C)CO,107
CCCCC(C)CC,107
CCCBr,107
CC(C)CO,107
CCCBr,107
ClC=C(Cl)Cl,107.05
ClC=C(Cl)Cl,107.05
CC(C)C1CCCCC1,108
CCC(Br)CC,108
CC(C)C1CCCCC1,108
CCCCI,108.4
CCCCI,108.4
CC(C)CCBr,109
CC(C)CCBr,109
CCC(Br)CC,110
CCC(Br)CC,110
CCc1ccccc1,111
CCc1ccccc1,111
CCC(=O)C,111
CCc1ccccc1,111
CCC(C)=O,111.35
CCCCO,111.55
CCCCO,111.55
CCCCO,111.65
Cc1ccccc1,113
Cc1ccccc1,113
CCCCO,113
Cc1ccccc1,113
CCCCO,113.38
CCCCO,113.6
CCCCO,114
CCCCO,114
CC1CO1,114.7
CC1CO1,114.7
CCc1ccccc1,115
CCc1ccccc1,115
CCC(C)O,116
CCOC(=O)C,116
CC(C)CO,116.5
Cc1ccccc1,117
Cc1ccccc1,117.25
CCOC(=O)C,117.65
CCOC(C)=O,117.65
C1=CC=CC=C1,118
CC(C)O,118.8
CC(C)O,118.8
CCCCC1CCCCC1,119
CCCCC1CCCCC1,119
CCCCO,119
CC(C)O,119
CCCCC1CCCCC1,119
Cc1ccccc1,119.4
Cc1ccccc1,119.4
CC(C)CC(=O)C,119.85
CC(=O)CC(C)C,119.85
CCCCCO,120
CC1=CC(=CC=C1)C,120
Cc1cccc(C)c1,120
CCCCCO,120
CCC(C)O,120.34
CCC(C)O,120.34
CCCCCO,120.75
CCCCCO,120.95
CCCCCO,120.95
CC(C)O,121
CC(C)O,121
CCCC1=CC=CC=C1,122
CCCC1=CC=CC=C1,122
CCCC1=CC=CC=C1,122
CC(C)CO,122
CCCCCO,122
CCCc1ccccc1,122
CC1=CC(=CC=C1)F,122.5
CC1=CC(=CC=C1)F,122.5
Cc1cccc(F)c1,122.5
CC1=C(C)C=CC=C1,123
CCC(C)C1CCCCC1,123
CCCCCC(C)CCC,123
CCC(C)O,123
CC(C)CCO,123
Cc1ccccc1C,123
CCCCCC(C)CCC,123
CC(C)CCO,123.2
CC(C)CCO,123.2
CCC(C)CO,123.6
CCCCC1=CC=CC=C1,124
CC(C)C1=CC=CC=C1,124.8
CCCCCCO,125
CCCCCC1CCCCC1,125
CC(=O)OC=C,125
CC(C)C1=CC=CC=C1,125
CC(C)C1=CC=CC=C1,125
CC(C)C1=CC=CC=C1,125
CCCCC1=CC=CC=C1,125
CCCCCC1CCCCC1,125
CCCCc1ccccc1,125
CC(C)c1ccccc1,125
CCCCCCO,125
C=COC(C)=O,125
CC1=CC(=CC=C1)C,125.5
Cc1cccc(C)c1,125.5
CCCCOC(=O)C,125.7
CCCCOC(C)=O,125.7
CC(C)CC(C)CC(C)C,126
CC(C)CC(C)CC(C)C,126
CCCC1=CC=CC=C1,126.2
CCCc1ccccc1,126.2
C1=CC=C(C=C1)Cl,126.3
CC(C)CO,127
CCC(C)O,127
CCC(C)C1=CC=CC=C1,127
CCC(C)CO,127
CCC(C)c1ccccc1,127
CCC(C)O,127
CC(C)CO,127
C1=CC=NC=C1,127.45
c1ccncc1,127.45
CCCCCC1=CC=CC=C1,128
CCCCCC1=CC=CC=C1,128
CCC(C)C1=CC=CC=C1,128
CCC(C)c1ccccc1,128
CCCCCc1ccccc1,128
CC(C)C1=CC=CC=C1,129.5
CC(C)c1ccccc1,129.5
CCCCCCO,129.85
CCCCCCO,129.85
CCCCCCO,129.85
CC(C)(C)Cl,130
CCC(CC)CO,131
CCC(C)CO,131
CCC(CC)CO,131
CCC(C)CO,131
CCCCCCC1CCCCC1,133
CCCCCCC1CCCCC1,133
CCCCCCO,134
CCCCCCCC(C)CCC,135
CCCCCCC1=CC=CC=C1,137
CCCCCCC1=CC=CC=C1,137
CCCCCCc1ccccc1,137
C1CCC2CCCCC2C1,137.4
C1CCC2CCCCC2C1,137.4
CC(C)(C)Cl,137.5
CC(C)(C)Cl,137.5
CCCC(C)CCCO,138
CCCC(C)CCCO,138
CCCC(C)O,140
CC(C)CCCCCO,140
C1CCCC(CC1)O,140
C1=CC=C(C=C1)Br,140
CC(C)CCCCCO,140
CCCC(C)O,140
CC(C)CCCCCO,140
Brc1ccccc1,140
CC(C)OCCO,141
CCCCC(CC)CN,141
CC(C)OCCO,141
CCCCCCCO,141.15
CCCCCCCO,141.15
CC(C)(C)C1=CC=CC=C1,142
CC(C)(C)C1=CC=CC=C1,142
C=C(C)C(CO)OO,142
CCCCCCCO,142
CC(C)(C)c1ccccc1,142
C(C)(=C)C(CO[H])OO[H],142
CCC(CC)O,143
CCCC(C)CO,143
CCCC(C)CO,143
CCC(O)CC,143
CCC(C)C(C)O,143.8
CCC(C)C(C)O,143.8
CCCCCC(C)CO,144
C(CO)CO,144.6
CC(CCO)OC,145.3
CCCCC(CC)CO,145.9
CCCCC(CC)CO,146
CCCCC(CC)CO,146
CC(=O)N(C)C,146.15
CC(=O)N(C)C,146.15
CC(CCO)OC,146.9
CCCCC(CC)CO,147
CCCCC(C)O,148
CCCCC(C)O,148
OCCCO,148
CCCCC(CC)CO,148.9
CCCCC(CC)CO,148.9
C1=CC=C(C=C1)C=O,149
CCCCCCCCO,149
O=Cc1ccccc1,149.05
C1=CC=C(C=C1)I,149.7
Ic1ccccc1,149.7
CCCCCCCCO,149.85
CCCCCCCCO,149.85
C1CCC(CC1)O,150
C(CO)CO,150.4
OCCO,151
CCCCC(C)(CC)O,151
C1CCC(CC1)O,151
CCCCCC(C)CO,151
OCCO,151
CCCCC(C)(O)CC,151
OCCO,152
OCCO,152
CC(C)CCC(C)O,152.1
CC(C)CCC(C)O,152.1
OCCO,152.8
CCCCCCCCCO,153
CCCC(CC)O,153
CCCC(O)CC,153
CCCCCCCCCO,153
CCCCCCCCCO,153
CCC(C)(C)O,154
CC(C)C(C)O,154
CCC(C)(C)O,154
CC(C)C(C)O,154
CCCCCC(C)O,155
CCCCCC(C)O,155
CC1(C2CCC1(C(=O)C2)C)C,156.7
CC12CCC(CC1=O)C2(C)C,156.7
CC(C)CC(C)O,157.1
CC(C)CC(C)O,157.1
CC(C)(C)O,158
CCC(C)C(C)O,158
CCCCC(C(C)C)O,158
CCCCCC(C)CO,158
CCC(C)(C)CO,158
CCCCC(CC)O,158
CCC(C)(C)CO,158
CCCCC(O)CC,158
CCCCC(O)C(C)C,158
CCC(C)CC(CC)O,159
CCC(CCC(C)C)O,159
CCC(CCC(C)C)O,159
CC(C)CCCC(C)O,159
CCC(C)CC(CC)O,159
CCC(C)CC(O)CC,159
CC(C)CCCC(C)O,159
CCC(O)CCC(C)C,159
CCC(O)CCC(C)C,159
CC1COC(=O)O1,159.5
CC1COC(=O)O1,159.5
CC1COC(=O)O1,159.5
CC(O)CO,160
CC1COC(=O)O1,160
CCCC(C)C(CC)O,160
CC1COC(=O)O1,160
CC(O)CO,160
CC(=O)C1=CC=CC=C1,161
CC(=O)c1ccccc1,161.15
CCCC(C)C(O)CC,162
CCCC(C)C(CC)O,162.2
CCCC(C)C(CC)O,162.2
CCCC(C)C(CC)O,162.8
CCC(C)C(CC)O,163
CCCC(C)(C)O,163
CCCC(C)(C)O,163
C1(C(O1)CO[H])(CO[H])C,163
CC(CO)(C)C,166
CCCCCCC(C)O,166
CCCC(CCC)O,166
CCCC(C)(C)CO,166
CCCC(C)(C)CO,166
CC(C)(C)CO,166
CCCC(O)CCC,166
CCCCCCC(C)O,166
CC(C)(C)CO,166
CCCCCCC(C)O,166
C1(C(O1)CO[H])(CO[H])C,166
CC1=CC=C(C=C1)C=C,167
CC(CO)CO,167
CC(CO)CO,167
C=Cc1ccc(C)cc1,167
CC1(CO)OC1CO,167.14
c1ccc(cc1)CO,168
C1CCCC(CCC1)O,168
OCc1ccccc1,168
C1(C(O1)CO[H])(CO[H])C,168
CC(O)CO,169
C1(C(O1)CO[H])(CO[H])C,169
CC(O)CO,169.2
C1(C(O1)CO[H])(CO[H])C,169.7
CCCC(C)(CCC)O,170
CCCC(C)(O)CCC,170
CC(O)CO,170
CCCC(C)(O)CCC,170
CCCC(C(C)CC)O,173
CCCCC(C)(C)CO,173
CCCCC(C)(C)O,173
CCCCC(C)(C)CO,173
CCCCC(C)(C)O,173
C1=CC=C(C(=C1)N)F,174
CC(O)CCO,174
Nc1ccccc1F,174
CCCCCC(CCC)O,175
CCCCCC(O)CCC,175
CC(CCO)O,175.4
CC(O)CCO,175.4
CC(CCO)O,175.6
CC(CCCO)O,175.8
CC(O)CCCO,175.8
CCCCOC(=O)C1=CC=CC=C1C(=O)OCCCC,176
CCCCOC(=O)C1=CC=CC=C1C(=O)OCCCC,176
CCCCOC(=O)c1ccccc1C(=O)OCCCC,176
CCCCOC(=O)c1ccccc1C(=O)OCCCC,176
CCCCOC(=O)C1=CC=CC=C1C(=O)OCCCC,177.4
CCOC(=O)c1ccccc1C(=O)OCC,178
CCCCCC(C)(C)O,178
CCCCC(C)(CCC)O,178
CCCCCC(C)(C)O,178
CCCCC(C)(O)CCC,178
CCCCOC(=O)C1=CC=CC=C1C(=O)OCCCC,178.5
CCCCOC(=O)C1=CC=CC=C1C(=O)OCCCC,178.7
CCCCOC(=O)c1ccccc1C(=O)OCCCC,178.7
CCC(CO)O,178.9
CCC(O)CO,178.9
CC(CCCCO)O,179.4
OCC(O)CO,180
CCOC(=O)c1ccccc1C(=O)OCC,180
CCCCC(C(C)CC)O,180
CC(C)(C)O,180
CC(C)(C)O,180
CC(C)(C)O,180
CC(C)(C)O,180
CCOC(=O)c1ccccc1C(=O)OCC,180
CCCCC(C)(O)CCC,180
CCOC(=O)c1ccccc1C(=O)OCC,180.8
CCCCCCC(CCC)O,181
CCCC(CO)O,181
CCCCCCC(O)CCC,181
CCCC(O)CO,181
c1ccc(cc1)CCO,181.4
OCCc1ccccc1,181.4
CCOC(=O)c1ccccc1C(=O)OCC,182.5
CCCCCCCCOC(=O)C1=CC=CC=C1C(=O)OCCCCCCCC,182.5
CCOC(=O)c1ccccc1C(=O)OCC,182.5
O=C(OCC(CC)CCCC)C1=CC=CC=C1C(OCC(CC)CCCC)=O,184
CCCCC(CC)COC(=O)c1ccccc1C(=O)OCC(CC)CCCC,184
CCCCCCCCOC(=O)C1=CC=CC=C1C(=O)OCCCCCCCC,184.4
OCC(O)CO,185
CCCCCC(C)(CCC)O,185
CCCCCC(C)(O)CCC,185
OCC(O)CO,185
OCC(O)CO,186
OCC(O)CO,186
CCCCCC(C(C)CC)O,186
CC1=CC(=CC=C1)N,187
CC1=CC(=CC=C1)N,187
Cc1cccc(N)c1,187
CC(C)COC(=O)C1=CC=CC=C1C(=O)OCC(C)C,188
OCC(O)CO,189
C(C(CO)O)O,189
OCC(O)CO,189.9
OCC(O)CO,190
OCC(O)CO,190
C1=CC(=CC(=C1)F)O,191
Oc1cccc(F)c1,191
CC(C)COC(=O)C1=CC=CC=C1C(=O)OCC(C)C,191.1
O=C(OC)c1ccccc1C(=O)OC,192
COC(=O)c1ccccc1C(=O)OC,192
C(C(CO)O)O,192
COC1=C(C=CC(=C1)CC=C)O,192.7
C=CCc1ccc(O)c(OC)c1,192.7
O=C(OC)c1ccccc1C(=O)OC,193
O=C(OC)c1ccccc1C(=O)OC,193
CC(C)C(C(C)C)O,193
CC(C)C(O)C(C)C,193
OCC(O)CO,193
CCC(C1=CC=CC=C1)O,193.6
CCCCCCCCOC(=O)c1ccccc1C(=O)OCCCCCCCC,194
CCCCCCCCOC(=O)c1ccccc1C(=O)OCCCCCCCC,194
C(C(CO)O)O,194
O=C(OC)c1ccccc1C(=O)OC,194.9
COC(=O)c1ccccc1C(=O)OC,194.9
CC(C(C)O)O,195.1
CC(O)C(C)O,195.1
CC(O)C(C)O,195.1
CC1=CC(=CC=C1)O,198
Cc1cccc(O)c1,198
CCC(C1=CC=CC=C1)O,198.2
CC1=CC(=CC=C1)O,198.6
CC(C(=O)O)O,200
C1=CC=C(C=C1)OP(OC2=CC=CC=C2)OC3=CC=CC=C3,200
CC(O)C(=O)O,200
c1ccc(OP(Oc2ccccc2)Oc2ccccc2)cc1,200
C(CCC(CO)O)CCO,200.3
OCCCCCC(O)CO,200.3
C(CO)C(CO)O,200.7
OCCC(O)CO,200.7
C(CCO)CC(CO)O,201.9
CCCOC(=O)NC1=CC=CC=C1,203
CCCOC(=O)Nc1ccccc1,203
CC(CCC(C)O)O,203.5
CC(O)CCC(C)O,203.5
CC(C(=O)O)O,204
OCCCCC(O)CO,204
CC(O)C(=O)O,204
COC1=CC=CC=C1O,205
CC(O)CC(C)O,205
COc1ccccc1O,205
CC(CCO)(CCO)O,205.7
CC(O)(CCO)CCO,205.7
CC(CC(C)O)O,205.9
CC(CC(C)O)O,205.9
C(CCO)CC(CO)O,206.4
CC(O)C(=O)O,207
CCCC(C(CC)CO)O,208.9
CCCC(O)C(CC)CO,208.9
O=C(Oc2ccccc2)c1c(O)cccc1,213
CC(C(=O)O)O,213
CCOC(=O)NC1=CC=CC=C1,213
CCOC(=O)Nc1ccccc1,213
O=C(Oc2ccccc2)c1c(O)cccc1,217
O=C(Oc1ccccc1)c1ccccc1O,217
COC(=O)NC1=CC=CC=C1,218
COC(=O)Nc1ccccc1,218
O=C(Oc2ccccc2)c1c(O)cccc1,220
O=S(=O)([O-])O.[NH4+],220
CC1=CC=CC=C1O,220.1
CC=CC1=CC(=C(C=C1)O)OC,220.1
Oc1ccccc1Cc1ccccc1,220.1
O=C(Oc2ccccc2)c1c(O)cccc1,221.6
O=C(Oc1ccccc1)c1ccccc1O,221.6
C1=CC=C2C(=C1)C=C(C3=CC=CC=C23)Br,224.8
Brc1cc2ccccc2c2ccccc12,224.8
CCCCCCCCCCCCCCCC1CCCC(=O)C1,225
CCCCCCCCCCCCCCCC1CCCC(=O)C1,225
O(C[C@]([C@@H](CO[H])O[H])(C)O[H])[H],226
C(C(C(CO)O)O)O,226.3
OCC(O)C(O)CO,226.3
CC(C)CC1=CC=C(C=C1)C(C)C(=O)O,228
CCCCCCCCCCCC(CC1C(C(=O)O1)CCCCCC)OC(=O)C(CC(C)C)NC=O,228
C(C(C(CO)O)O)O,228.3
OCC(O)C(O)CO,230
O(C[C@]([C@@H](CO[H])O[H])(C)O[H])[H],230
C(C(C(CO)O)O)O,231
O(C[C@]([C@@H](CO[H])O[H])(C)O[H])[H],232
C1=CC=C(C=C1)COC(=O)NC2=CC=CC=C2,233
O=C(Nc1ccccc1)OCc1ccccc1,233
CCN(CC)CCOC(=O)C1=CC=C(C=C1)N,234
CC(CO)(C(CO)O)O,238
CC(O)(CO)C(O)CO,241.5
CC(=O)OC1=CC=CC=C1C(=O)O,243
CCCCCOC(=O)Nc1ccc(N(=O)=O)cc1,243
CC(=O)Oc1ccccc1C(=O)O,243
C1=CC=C(C=C1)C2=CC=CC=C2C3=CC=CC=C3,244
C1=CC=C2C(=C1)C=CC=C2OC(=O)C3=CC=CC=C3O,244
C(C(C(C(CO)O)O)O)O,244
C(C(C(C(CO)O)O)O)O,244
c1ccc(-c2ccccc2-c2ccccc2)cc1,244
O=C(Oc1cccc2ccccc12)c1ccccc1O,244
OCC(O)C(O)C(O)CO,244
C1=CC=C(C=C1)C2=CC=CC=C2C3=CC=CC=C3,245
CC(CO)(C(CO)O)O,245
C1=CC=C(C=C1)C2=CC=CC=C2C3=CC=CC=C3,245.9
C1=CC=C(C=C1)C=C(C2=CC=CC=C2)C3=CC=CC=C3,246
C1=CC=C(C=C1)C2=CC=CC=C2C3=CC=CC=C3,246
CCCCOC1=NC2=CC=CC=C2C(=C1)C(=O)NCCN(CC)CC,246
CCCCOC1=NC2=CC=CC=C2C(=C1)C(=O)NCCN(CC)CC,246
C(=C(c1ccccc1)c1ccccc1)c1ccccc1,246
CCCCOc1cc(C(=O)NCCN(CC)CC)c2ccccc2n1,246
CC1=CC=CC=C1OCC(CO)O,247
CC1=CC=CC=C1OCC(CO)O,247
Cc1ccccc1OCC(O)CO,247
C1=CC=C(C=C1)C2=CC=CC=C2C3=CC=CC=C3,247.7
c1ccc(-c2ccccc2-c2ccccc2)cc1,247.7
C(C(C(C(CO)O)O)O)O,247.8
C1C2C(C(C(C(O1)O2)O)O)O,247.8
OC1C2COC(O2)C(O)C1O,248
C(C(C(C(CO)O)O)O)O,248.9
C1C2C(C(C(C(O1)O2)O)O)O,249
OCC(O)C(O)C(O)CO,249
c1cc(cc(c1)O)O,250
C(C(C(C(CO)O)O)O)O,250
Oc1cccc(O)c1,250
C(C(C(=O)O)O)C(=O)O,252
C(C(C(C(CO)O)O)O)O,252
OCC(O)C(O)C(O)CO,252
C1C(C(C(C(O1)O)O)O)O,253
C(C(C(C(CO)O)O)O)O,254
CC(C)OC(=O)C(C)(C)OC1=CC=C(C=C1)C(=O)C2=CC=C(C=C2)Cl,254
C1CCOC(C1)OC2=CC=CC=C2O,255
O=C(O)CC(O)C(=O)O,255
OCC1CCCCO1,255
CC1=CC(=O)N(N1C)C2=CC=CC=C2,256
Cc1cc(=O)n(-c2ccccc2)n1C,256
C(C(C(=O)O)O)C(=O)O,258
C(C(C(C(CO)O)O)O)O,261
O=C(Nc1ccc(N(=O)=O)cc1)OCC(F)(F)C(F)F,261
OCC(O)C(O)C(O)CO,261
C1C(C(C(C(O1)O)O)O)O,262
C1C(C(C(C(O1)O)O)O)O,263
CCC(=C(C1=CC=CC=C1)C2=CC=C(C=C2)OCCN(C)C)C3=CC=CC=C3,263
OCC1OC(O)C(O)C1O,263
CC(=O)C1CC(C1(C)C)CC(=O)O,265
CC(=O)[C@@H]1C[C@@H](C1(C)C)CC(=O)O,265
CC1C(C(C(C(O1)O)O)O)O,266
CC(C1=CC(=C(C=C1)C2=CC=CC=C2)F)C(=O)O,267
OCC(O)C(O)C(O)C(O)CO,267
C(C(C(C(C(CO)O)O)O)O)O,268
OCC(O)C(O)C(O)C(O)CO,268
CC1([C@H](CC1C(=O)O)CC(=O)O)C,268
CC1(C(CC1C(=O)O)CC(=O)O)C,268.1
CC1(C)C(CC(=O)O)CC1C(=O)O,268.1
C(C(CC(=O)O)C(=O)O)C(=O)O,268.9
O=C(O)CC(CC(=O)O)C(=O)O,268.9
CC(CO)C(=O)OC,269
C1CC2=CC=CC=C2C1C3=CC=C(C=C3)O,269
CC(C)(C)CC(C)(C)C1=CC(=C(C=C1)O)CC2=C(C=C(C=C2)Cl)Cl,269
COC(=O)[C@@H](C)O,269
Oc1ccc(C2CCc3ccccc32)cc1,269
C(CC(=O)O)C(CC(=O)O)C(=O)O,269.6
O=C(O)CCC(CC(=O)O)C(=O)O,269.6
C(C(C(C(C(CO)O)O)O)O)O,270
CC12CCC(=O)C=C1CCC3C2CCC4(C3CCC4(C)O)C,270
CC(C1=CC(=CC=C1)C(=O)C2=CC=CC=C2)C(=O)O,270
CC12CCC(=O)C=C1CCC1C2CCC2(C)C1CCC2(C)O,270
C(C(C(C(C(CO)O)O)O)O)O,271
C(C(C(C(C=O)O)O)O)O,271
OCC(O)C(O)C(O)C(O)CO,271
CCOC(=O)CCC(C(=O)OCC)c1ccc(N(=O)=O)cc1C,273
C1C(C(C(C(O1)(CO)O)O)O)O,274
C1=CC(=C(C=C1Cl)Cl)COC(CN2C=CN=C2)C3=C(C=C(C=C3)Cl)Cl,274
OC1COC(O)C(O)C1O,274
C(CC(=O)O)C(CC(=O)O)C(=O)O,276
[S](O)(=O)(=O)OC(CO[H])(C(CO[H])O[H])C,276
CC1(C)[C@H]2CC=C(CCO)[C@@H]1C2,277
C(C(C(C(C=O)O)O)O)O,277
CCCCC1C(=O)N(N(C1=O)C2=CC=CC=C2)C3=CC=CC=C3,277
OCC1(O)OCC(O)C(O)C1O,277
O=CC(O)C(O)C(O)CO,277
CC1(C)C2CC=C(CCO)C1C2,277
CCCCC1C(=O)N(c2ccccc2)N(c2ccccc2)C1=O,277
C(C(C(C(C=O)O)O)O)O,277.1
C1C(C(C(C(O1)(CO)O)O)O)O,278
CCOC(=O)OC(C1CC2CCN1CC2C=C)C3=C4C=C(C=CC4=NC=C3)OC,278
C=CC1CN2CCC1CC2C(OC(=O)OCC)c1ccnc2ccc(OC)cc12,278
CC(=O)C1CCC2C1(CCC3C2CCC4=CC(=O)CCC34C)C,279
C(C(C(C(C=O)O)O)O)O,279
C(C(=O)O)C(CC(=O)O)(C(=O)O)O,279
CCCC(C)C1(C(=O)NC(=O)NC1=O)CC,279
O=C2c1ccccc1S(=O)(=O)C2C3CCCOC3,279
CC(=O)C1CCC2C3CCC4=CC(=O)CCC4(C)C3CCC12C,279
CCCC(C)C1(CC)C(=O)NC(=O)NC1=O,279
C1C(C(C(C(O1)(CO)O)O)O)O,280
C1=CC(=CC(=C1)N)C(F)(F)F,280
C1CN(CCN1CC=CC2=CC=CC=C2)C(C3=CC=CC=C3)C4=CC=CC=C4,280
Nc1cccc(C(F)(F)F)c1,280
CN1C2CCC1CC(C2)OC(=O)C(CO)C3=CC=CC=C3,281
CN1C2CCC1CC(OC(=O)C(CO)c1ccccc1)C2,281
CC1(OCC(O1)CO)C,282
C(C(C(C(C(CO)O)O)O)O)O,282
CCC(=C)C(=O)C1=C(C(=C(C=C1)OCC(=O)O)Cl)Cl,282
CCC(=C)C(=O)C1=C(C(=C(C=C1)OCC(=O)O)Cl)Cl,282
O=C(O)CC(O)(CC(=O)O)C(=O)O,282
CC1(C)OCC(CO)O1,282
C=C(CC)C(=O)c1ccc(OCC(=O)O)c(Cl)c1Cl,282
C(C(=O)O)C(CC(=O)O)(C(=O)O)O,283
C(C(C(C(C=O)O)O)O)O,283
CC3(c1ccc(O)cc1)CCCc2ccccc23,283
CC(Nc1ccc(N(=O)=O)cc1N(=O)=O)c2ccccc2,283
C1=CC=C(C(=C1)CC(=O)OCC(=O)O)NC2=C(C=CC=C2Cl)Cl,283
CC(O)C(O)C(O)C(O)C=O,283
OC1COC(O)C(O)C1O,283
OCC(O)C(O)C(O)C(O)CO,283
O=C(O)CC(O)(CC(=O)O)C(=O)O,283
O=CC(O)C(O)C(O)CO,283
C(C1C(C(C(C(O1)O)O)O)O)O,283.5
OCC1OC(O)C(O)C(O)C1O,283.5
C(C(C(C(C(CO)O)O)O)O)O,283.9
C(C(CC(=O)O)C(=O)O)C(=O)O,284
C(C(=O)O)C(CC(=O)O)(C(=O)O)O,284
C1CCN(CC1)C(=O)C=CC=CC2=CC3=C(C=C2)OCO3,284
CCCCNC(=O)NS(=O)(=O)C1=CC=C(C=C1)C,284
CCCCNC(=O)NS(=O)(=O)C1=CC=C(C=C1)C,284
O=C(C=CC=Cc1ccc2c(c1)OCO2)N1CCCCC1,284
CCCCNC(=O)NS(=O)(=O)c1ccc(C)cc1,284
O=C(O)C(O)C(O)C(=O)O,284.1
C(C1C(C(C(C(O1)O)O)O)O)O,284.7
C(C(=O)O)C(CC(=O)O)(C(=O)O)O,284.7
OCC1OC(O)C(O)C(O)C1O,284.7
C(C(=O)O)C(CC(=O)O)(C(=O)O)O,284.85
C(C(=O)O)C(CC(=O)O)(C(=O)O)O,285.5
CC(C(=O)OC)O,286
C1C(C(C(C(O1)(CO)O)O)O)O,286
C1C(C(C(C(O1)(CO)O)O)O)O,286
C(C(C(C(C=O)O)O)O)O,286
CC1(C(=O)NC(=O)N(C1=O)C)C2=CCCCC2,286
CCC1(C(=O)NC(=O)NC1=O)CCC(C)C,286
C1=CC(=CC(=C1)Cl)N,286
COC(=O)C(C)O,286
O=C(CO)C(O)C(O)C(O)CO,286
CCC1(CCC(C)C)C(=O)NC(=O)NC1=O,286
CN1C(=O)NC(=O)C(C)(C2=CCCCC2)C1=O,286
Nc1cccc(Cl)c1,286
COC1=CC=C(C=C1)N,287
CC1=CC(=CC=C1)N(C)C(=S)OC2=CC3=CC=CC=C3C=C2,287
CC1=CC(=CC=C1)N(C)C(=S)OC2=CC3=CC=CC=C3C=C2,287
COc1ccc(N)cc1,287
Cc1cccc(N(C)C(=S)Oc2ccc3ccccc3c2)c1,287
CC1=C(C(C(=C(N1)C)C(=O)OC(C)C)C2=CC(=CC=C2)[N+](=O)[O-])C(=O)OCCOC,288
CC(C)C1CCC(C)CC1OC(=O)Nc2cccc(N(=O)=O)c2,288
O=C(O)C(O)C(O)C(=O)O,288
COCCOC(=O)C1=C(C)NC(C)=C(C(=O)OC(C)C)C1c1cccc([N+](=O)[O-])c1,288
O=C(O)C(O)C(O)C(=O)O,289
CC(c1ccccc1)n3c(=O)c2cccc(N(=O)=O)c2c3=O,289
O=C(O)C(O)C(O)C(=O)O,289
C(C1C(C(C(C(O1)O)O)O)O)O,290
C(C1C(C(C(C(O1)O)O)O)O)O,290
CC(C)C(C)C=CC(C)C1CCC2C1(CCCC2=CC=C3CC(CCC3=C)O)C,290
CC1C2CCC3(C=CC(=O)C(=C3C2OC1=O)C)C,290
C1=CC=C(C(=C1)C(=O)O)NC2=CC=CC(=C2)C(F)(F)F,290
C1=CC=C(C(=C1)C(=O)O)NC2=CC=CC(=C2)C(F)(F)F,290
C1=CC=C(C=C1)C2=CC=C(C=C2)C(C3=CC=CC=C3)N4C=CN=C4,290
O=[N+]([O-])[O-].[Na+],290
CC1=C2C3OC(=O)C(C)C3CCC2(C)C=CC1=O,290
OCC1OC(O)C(O)C(O)C1O,290
C=C1CCC(O)CC1=CC=C1CCCC2(C)C1CCC2C(C)C=CC(C)C(C)C,290
O=C(O)c1ccccc1Nc1cccc(C(F)(F)F)c1,290
O=C(O)C(O)C(O)C(=O)O,291
CC(=O)OCC1C(C(C(C(O1)OC(=O)C)OC(=O)C)OC(=O)C)OC(=O)C,291
O=C(O)C(O)C(O)C(=O)O,291
CC(=O)OCC1OC(OC(C)=O)C(OC(C)=O)C(OC(C)=O)C1OC(C)=O,291
C(C(C(C(C(=O)CO)O)O)O)O,292
C1=CC=C(C(=C1)N)Cl,292
O=C(CO)C(O)C(O)C(O)CO,292
Nc1ccccc1Cl,292
O=C(Nc1ccc(N(=O)=O)cc1)OCC(CCl)(CCl)CCl,293
CC12CCN(C1N(C3=C2C=C(C=C3)OC(=O)NC)C)C,293
CC(CN1C=NC2=C1C(=O)N(C(=O)N2C)C)O,295
CC(=O)NC1=CC=C(C=C1)O,295
CC(CN1C=NC2=C1C(=O)N(C(=O)N2C)C)O,295
CC(C)(C)C1=CC(=CC(=C1O)C(C)(C)C)SC(C)(C)SC2=CC(=C(C(=C2)C(C)(C)C)O)C(C)(C)C,295
CC(=O)Nc1ccc(O)cc1,295
CC(O)Cn1cnc2c1c(=O)n(C)c(=O)n2C,295
CC(=O)OCC1C(C(C(C(O1)OC(=O)C)OC(=O)C)OC(=O)C)OC(=O)C,296
CC(C)CCCC(C)C1CCC2C1(CCCC2=CC=C3CC(CCC3=C)O)C,296
C1=CC(=C(C=C1N)Cl)Cl,296
CC(=O)OCC1OC(OC(C)=O)C(OC(C)=O)C(OC(C)=O)C1OC(C)=O,296
C=C1CCC(O)CC1=CC=C1CCCC2(C)C1CCC2C(C)CCCC(C)C,296
Nc1ccc(Cl)c(Cl)c1,296
COc4ccc(C(c1ccccc1)(c2ccccc2)c3ccc(OC)cc3)cc4,297
CC12CCN(C1N(C3=C2C=C(C=C3)OC(=O)NC)C)C,297
C1=CC=C(C=C1)CNC(=O)CCNNC(=O)C2=CC=NC=C2,297
C1=CC(=CC=C1N)Cl,297
CC(=O)NC1=CC=C(C=C1)O,297
CC12CCN(C1N(C3=C2C=C(C=C3)OC(=O)NC)C)C,297
C1=CC=C(C=C1)CNC(=O)CCNNC(=O)C2=CC=NC=C2,297
O=C(CCNNC(=O)c1ccncc1)NCc1ccccc1,297
CNC(=O)Oc1ccc2c(c1)C1(C)CCN(C)C1N2C,297
Nc1ccc(Cl)cc1,297
C(C1C(C(C(C(O1)O)O)O)O)O,298
COC1=CC=C(C=C1)C(=C(C2=CC=C(C=C2)OC)Cl)C3=CC=C(C=C3)OC,298
COC1=CC=C(C=C1)C(=C(C2=CC=C(C=C2)OC)Cl)C3=CC=C(C=C3)OC,298
COc1ccc(C(Cl)=C(c2ccc(OC)cc2)c2ccc(OC)cc2)cc1,298
CC1(CC(C2=CC=CC=C2O1)(C)C3=CC=C(C=C3)O)COc1ccc(cc1)C2(c3c(OC(C2)(C)C)cccc3)C,299
CC1C(C(C(C(O1)O)O)O)O,299
C1=CC=C(C(=C1)N)[N+](=O)[O-],299
C1=CC=C(C=C1)C2=COC3(C2=O)C4=CC=CC=C4C(=O)O3,299
CC(O)C(O)C(O)C(O)C=O,299
CC1(C)CC(C)(c2ccc(O)cc2)c2ccccc2O1,299
Nc1ccccc1[N+](=O)[O-],299
CC1C(C(C(C(O1)O)O)O)O,300
C1=CC(=CC(=C1)[N+](=O)[O-])N,301
C1=CC(=CC=C1C(C(CO)NC(=O)C(Cl)Cl)O)[N+](=O)[O-],301
Nc1cccc([N+](=O)[O-])c1,301
O=C(NC(CO)C(O)c1ccc([N+](=O)[O-])cc1)C(Cl)Cl,301
CC(=O)NC1=CC=C(C=C1)O,302
CC(=O)NC1=CC=C(C=C1)O,302
CC(=O)Nc1ccc(O)cc1,302
C(C1C(C(C(C(O1)O)O)O)O)O,303
C(C1C(C(C(C(O1)O)O)O)O)O,303
C(C1C(C(C(C(O1)O)O)O)O)O,303
CCOC(=O)C1=C(NC(=C(C1C2=CC(=CC=C2)[N+](=O)[O-])C(=O)OC)C)C,303
C1=CC=C(C=C1)C(C2=CC=CC=C2)(C3=CC=CC=C3Cl)N4C=CN=C4,303
CCOC(=O)C1=C(C)NC(C)=C(C(=O)OC)C1c1cccc([N+](=O)[O-])c1,303
C1=CC=C2C=C(C=CC2=C1)N,304
C1=CC(=CC=C1C(C(CO)NC(=O)C(Cl)Cl)O)[N+](=O)[O-],304
O=CC(O)C(O)C(O)C(O)CO,304
OCC1OC(O)C(O)C(O)C1O,304
Nc1ccc2ccccc2c1,304
C(C1C(C(C(C(O1)O)O)O)O)O,305
CC(C)(C(CC(=O)O)C(=O)O)C(=O)O,305
C1=CC=C2C(=C1)C(=CC=C2[N+](=O)[O-])N,305
CC(NC(=O)Nc1ccc(N(=O)=O)cc1)c2ccccc2,305
OCC1OC(O)C(O)C(O)C1O,305
CC(C)(C(=O)O)C(CC(=O)O)C(=O)O,305
Nc1ccc([N+](=O)[O-])c2ccccc12,305
CC1CCC(C(C1)O)C(C)C,306
C1=CC=C2C(=C1)C=CC=C2N,306
C1=CC(=CC=C1C(C(CO)NC(=O)C(Cl)Cl)O)[N+](=O)[O-],306
CC1=C(ON=C1C)NS(=O)(=O)C2=CC=C(C=C2)N,306
C1=CC(=CC=C1C(C(CO)NC(=O)C(Cl)Cl)O)[N+](=O)[O-],306
CC1(C(=O)N(C(=O)N1)C2=CC(=C(C=C2)[N+](=O)[O-])C(F)(F)F)C,306
Nc1cccc2ccccc12,306
Cc1noc(NS(=O)(=O)c2ccc(N)cc2)c1C,306
O=C(NC(CO)C(O)c1ccc([N+](=O)[O-])cc1)C(Cl)Cl,306
C(C1C(C(C(C(O1)OCC(C(C(C(CO)O)O)O)O)O)O)O)O,307
OCC(O)C(O)C(O)C(O)COC1OC(CO)C(O)C(O)C1O,307
CCC(=C(CC)C1=CC=C(C=C1)O)C2=CC=C(C=C2)O,308
CC(C1=CC=CC=C1)(C2=CC=C(C=C2)Cl)OCCC3CCCN3C,308
CCC(=C(CC)c1ccc(O)cc1)c1ccc(O)cc1,308
C(C1C(C(C(C(O1)O)O)O)O)O,309
C(C1C(C(C(C(O1)O)O)O)O)O,309
CC12CCC3C(C1CCC2OC(=O)CCC4CCCC4)CCC5=C3C=CC(=C5)O,309
CC12CCC3C(C1CCC2OC(=O)CCC4CCCC4)CCC5=C3C=CC(=C5)O,309
C(C1C(C(C(C(O1)O)O)O)O)O,309
CCC(C)(C)C(=O)OC1CC(C=C2C1C(C(C=C2)C)CCC3CC(CC(=O)O3)O)C,309
CC12CCC3c4ccc(O)cc4CCC3C1CCC2OC(=O)CCC1CCCC1,309
C(C1C(C(C(C(O1)O)O)O)O)O,310
CC12CCC3C(C1CCC2O)CCC4=CC(=O)CCC34,310
CCOC(=O)N1CCC(=C2C3=C(CCC4=C2N=CC=C4)C=C(C=C3)Cl)CC1,310
CC1=C(C2=C(N1C(=O)C3=CC=C(C=C3)Cl)C=CC(=C2)OC)CC(=O)OCC(=O)O,310
O.OCC1OC(O)C(O)C(O)C1O,310
C(C1C(C(C(C(O1)OC(C(CO)O)C(C(CO)O)O)O)O)O)O,311
OC[C@H]1O[C@@H](O[C@H]([C@H](O)CO)[C@H](O)[C@H](O)CO)[C@@H](O)[C@@H](O)[C@@H]1O,311
C(C1C(C(C(C(O1)OC(C(CO)O)C(C(CO)O)O)O)O)O)O,312
OCC(O)C(O)C(OC1OC(CO)C(O)C(O)C1O)C(O)CO,312
CC(NC(=S)Nc1ccc(N(=O)=O)cc1)c2ccccc2,313
C1=CC(=CC=C1C#N)N,314
N#Cc1ccc(N)cc1,314
CN1C2=C(C(=O)N(C1=O)C)N(C=N2)CC(CO)O,315
CCC1(C(=O)NC(=O)NC1=O)C2=CC=CC=C2,315
CN1C2=C(C(=O)N(C1=O)C)N(C=N2)CC(CO)O,315
CC12CCC3C(C1CCC2O)CCC4=CC(=O)CCC34C,315
COC1=CC=CC=C1OCCNCC(COC2=CC=CC3=C2C4=CC=CC=C4N3)O,315
CCC1(c2ccccc2)C(=O)NC(=O)NC1=O,315
Cn1c(=O)c2c(ncn2CC(O)CO)n(C)c1=O,315
CCOC(=O)C1=C(NC(=C(C1C2=C(C(=CC=C2)Cl)Cl)C(=O)OC)C)C,316
CC(Nc2cc(NC(C)c1ccccc1)c(N(=O)=O)cc2N(=O)=O)c3ccccc3,316
CC1=C(C(C(=C(N1)C)C(=O)OC(C)C)C2=CC=CC3=NON=C32)C(=O)OC,316
CCOC(=O)C1=C(C)NC(C)=C(C(=O)OC)C1c1cccc(Cl)c1Cl,316
C1=CC(=CC=C1N)[N+](=O)[O-],318
CC1=C(C2=C(N1C(=O)C3=CC=C(C=C3)Cl)C=CC(=C2)OC)CC(=O)O,318
CCOC(=O)C1=C(NC(=C(C1C2=C(C(=CC=C2)Cl)Cl)C(=O)OC)C)C,318
CC1=C(C(C(=C(N1)C)C(=O)OC)C2=CC=CC=C2[N+](=O)[O-])C(=O)OC,318
Nc1ccc([N+](=O)[O-])cc1,318
C(C1C(C(C(C(O1)OC2(C(C(C(O2)CO)O)O)CO)O)O)O)O,319
CCC1(C(=O)NC(=O)NC1=O)C2=CC=CC=C2,319
CC(c1ccccc1)n2c(=O)c4cccc3cccc(c2=O)c34,319
CN1C(=O)CN=C(C2=C1C=CC(=C2)Cl)C3=CC=CC=C3,319
OCC1OC(OC2(CO)OC(CO)C(O)C2O)C(O)C(O)C1O,319
CC1=C(C2=C(N1C(=O)C3=CC=C(C=C3)Cl)C=CC(=C2)OC)CC(=O)O,320
CC(c1ccccc1)n2c(=O)c4cccc3c(N(=O)=O)ccc(c2=O)c34,320
COc1ccc2c(c1)c(CC(=O)O)c(C)n2C(=O)c1ccc(Cl)cc1,320
CCC1(C(=O)NC(=O)NC1=O)C2=CC=CC=C2,321
CCC1(c2ccccc2)C(=O)NC(=O)NC1=O,321
CN(C)CCC1=CNC2=C1C=C(C=C2)CC3COC(=O)N3,322
CC12CCC3C(C1CCC2(C#C)O)CCC4=C3CCC(=O)C4,324
CC12CCC3C(C1CCC2(C#C)O)CCC4=C3CCC(=O)C4,324
C1=CC(=C(C=C1[N+](=O)[O-])Cl)N,324
C#CC1(O)CCC2C3CCC4=C(CCC(=O)C4)C3CCC21C,324
Nc1ccc([N+](=O)[O-])cc1Cl,324
C(C1C(C(C(C(O1)OC(C(C(CO)O)O)C(=O)CO)O)O)O)O,325
COC1=CC2=C(C=CN=C2C=C1)C(C3CC4CCN3CC4C=C)O,326
C=CC1CN2CCC1CC2C(O)c1ccnc2ccc(OC)cc12,326
C1CN(CCC1N2C3=CC=CC=C3NC2=O)CCCC(C4=CC=C(C=C4)F)C5=CC=C(C=C5)F,327
C(C1C(C(C(C(O1)OC2(C(C(C(O2)CO)O)O)CO)O)O)O)O,329
COC1=C(C=CC(=C1)[N+](=O)[O-])N,330.5
COc1cc([N+](=O)[O-])ccc1N,330.5
COC1=C(C=C(C=C1)Cl)C(=O)NCCC2=CC=C(C=C2)S(=O)(=O)NC(=O)NC3CCCCC3,331
CC(=O)SC1CC2=CC(=O)CCC2(C3C1C4CCC5(C4(CC3)C)CCC(=O)O5)C,331
CC(=O)SC1CC2=CC(=O)CCC2(C3C1C4CCC5(C4(CC3)C)CCC(=O)O5)C,331
CC(=O)SC1CC2=CC(=O)CCC2(C)C2CCC3(C)C(CCC34CCC(=O)O4)C12,331
COc1ccc(Cl)cc1C(=O)NCCc1ccc(S(=O)(=O)NC(=O)NC2CCCCC2)cc1,331
CC(C)CCCC(C)C1CCC2C1(CCC3C2CC=C4C3(CCC(C4)O)C)C,332
CC(C)CCCC(C)C1CCC2C3CC=C4CC(O)CCC4(C)C3CCC12C,332
C1=CC=C(C(=C1)CO)OC2C(C(C(C(O2)CO)O)O)O,333
CC(c1ccccc1)n4c(=O)c2ccccc2c3ccccc3c4=O,333
CC(c1ccccc1)n4c(=O)c2ccccc2c3ccccc3c4=O,333
OCc1ccccc1OC1OC(CO)C(O)C(O)C1O,333
C1=CC=C(C(=C1)CO)OC2C(C(C(C(O2)CO)O)O)O,333.5
OCc1ccccc1OC1OC(CO)C(O)C(O)C1O,333.5
C(C1C(C(C(C(O1)OC2(C(C(C(O2)CO)O)O)CO)O)O)O)O,334
CC(=O)C1(CCC2C1(CCC3C2C=C(C4=CC(=O)CCC34C)Cl)C)OC(=O)C,334
C1=CC(=CC=C1N)S(=O)(=O)NC2=NC=CS2,334
CC(=O)C1(CCC2C1(CCC3C2C=C(C4=CC(=O)CCC34C)Cl)C)OC(=O)C,334
CC(=O)OC1(C(C)=O)CCC2C3C=C(Cl)C4=CC(=O)CCC4(C)C3CCC21C,334
Nc1ccc(S(=O)(=O)Nc2nccs2)cc1,334
CCC(=O)C1=C(C=C(C=C1O)O)O,335
CCC(=O)c1c(O)cc(O)cc1O,335
CC12CCC3C(C1CCC2O)CCC4=C3C=CC(=C4)OC(=O)C5=CC=CC=C5,336
CC12CCC3C(C1CCC2O)CCC4=C3C=CC(=C4)OC(=O)C5=CC=CC=C5,336
C1=CC=C(C(=C1)C(=O)OCC(CO)O)NC2=C3C=CC(=CC3=NC=C2)Cl,336
CC12CCC3c4ccc(OC(=O)c5ccccc5)cc4CCC3C1CCC2O,336
C1=CC(=CC=C1C2C(C(=O)N2C3=CC=C(C=C3)F)CCC(C4=CC=C(C=C4)F)O)O,338
COC1=NC(=NC(=C1)NS(=O)(=O)C2=CC=C(C=C2)N)OC,339
c7ccc(CC3CC2C(CCC1CCCCC12)OC36CCC5C(CCC4CCCCC45)O6)cc7,339
COc1cc(NS(=O)(=O)c2ccc(N)cc2)nc(OC)n1,339
O=C1OC(C2=C1C=CC=C2)(C3=CC=C(C=C3)O[H])C4=CC=C(C=C4)O[H],340
CC(=O)CC(C1=CC=CC=C1)C2=C(C3=CC=CC=C3OC2=O)O,341
OCC1OC(OC2(CO)OC(CO)C(O)C2O)C(O)C(O)C1O,341
C1=CC=C2C(=C1)C=CC=C2C3=CC(=CC(=C3)C4=CC=CC5=CC=CC=C54)C6=CC=CC7=CC=CC=C76,342
C(C1C(C(C(C(O1)OCC(C(C(C(=O)CO)O)O)O)O)O)O)O,342.1
O=C(CO)C(O)C(O)C(O)COC1OC(CO)C(O)C(O)C1O,342.1
O=c2c1c(Cl)c(Cl)c(Cl)c(Cl)c1c(=O)n2c3cccc4ccccc34,343
O=C(CO)C(OC1OC(CO)C(O)C(O)C1O)C(O)C(O)CO,343
COC1=C(C=C(C=C1)Cl)C(=O)NCCC2=CC=C(C=C2)S(=O)(=O)NC(=O)NC3CCCCC3,344
COc1ccc(Cl)cc1C(=O)NCCc1ccc(S(=O)(=O)NC(=O)NC2CCCCC2)cc1,344
C(C1C(C(C(C(O1)OC2(C(C(C(O2)CO)O)O)CO)O)O)O)O,345
CC(C)(C(=O)O)OC1=CC=C(C=C1)CCNC(=O)C2=CC=C(C=C2)Cl,346
C(C1C(C(C(C(O1)OC2(C(C(C(O2)CO)O)O)CO)O)O)O)O,348
CC(CCC(=O)O)C1CCC2C1(C(=O)CC3C2C(=O)CC4C3(CCC(=O)C4)C)C,348
CC(CCC(=O)O)C1CCC2C3C(=O)CC4CC(=O)CCC4(C)C3CC(=O)C12C,348
C(C1C(C(C(C(O1)OC2C(OC(C(C2O)O)O)CO)O)O)O)O,350
C(C1C(C(C(C(O1)OC2(C(C(C(O2)CO)O)O)COC3(C(C(C(O3)CO)O)O)COC4(C(C(C(O4)CO)O)O)CO)O)O)O)O,350
OCC1OC(OC2(COC3(COC4(CO)OC(CO)C(O)C4O)OC(CO)C(O)C3O)OC(CO)C(O)C2O)C(O)C(O)C1O,350
O=CC(O)C(O)C(OC1OC(CO)C(O)C(O)C1O)C(O)CO,350
OCC1OC(OC2OC(CO)C(O)C(O)C2O)C(O)C(O)C1O,350
C(C1C(C(C(C(O1)OCC2C(C(C(C(O2)O)O)O)O)O)O)O)O,351
C(C1C(C(C(C(O1)OCC2C(C(C(C(O2)O)O)O)O)O)O)O)O,351
OCC1OC(OCC2OC(O)C(O)C(O)C2O)C(O)C(O)C1O,351
CC12CCC3C(C1CCC2(C#C)O)CCC4=CC5=C(CC34C)C=NO5,352
Nc4ccc(C3(c1ccc(N)cc1)OC(=O)c2ccccc23)cc4,353
CC12CCC3C(C1CCC2O)CCC4=C3C=CC(=C4)O,354
CC12CCC3c4ccc(O)cc4CCC3C1CCC2O,354
CC(c2ccc1ccccc1c2)n5c(=O)c3ccccc3c4ccccc4c5=O,356
CC(C)(CC1=CNC2=CC=CC=C21)NCC(COC3=CC=CC=C3C#N)O,356
C(C1C(C(C(C(O1)OCC2C(C(C(C(O2)O)O)O)O)O)O)O)O,358
COC(=O)C1=C(C)NC(C)=C(C(=O)OCCN(C)Cc2ccccc2)C1c1cccc([N+](=O)[O-])c1,358
C(C1C(C(C(C(O1)OCC2C(C(C(C(O2)O)O)O)O)O)O)O)O,359
C(C1C(C(C(C(O1)OC(C=O)C(C(C(CO)O)O)O)O)O)O)O,359
CC12CCC(=O)C=C1CCC3C2C(CC4(C3CCC4(C(=O)CO)O)C)O,359
O=CC(OC1OC(CO)C(O)C(O)C1O)C(O)C(O)C(O)CO,359
C(C1C(C(C(C(O1)OC2C(OC(C(C2O)O)O)CO)O)O)O)O,360
Nc5ccc(C4(c1ccc(N)cc1)c2ccccc2c3ccccc34)cc5,360
C(C1C(C(C(C(O1)OC(C(C(CO)O)O)C(=O)CO)O)O)O)O,361.4
C(C1C(C(C(C(O1)O)O)OC2C(C(C(C(O2)CO)O)O)O)O)O,362
CC1CC(=O)C=C(C12C(=O)C3=C(O2)C(=C(C=C3OC)OC)Cl)OC,362
CC(c2ccc1ccccc1c2)n4c(=O)c3c(Cl)c(Cl)c(Cl)c(Cl)c3c4=O,362
OCC1OC(OC2C(O)C(O)OC(CO)C2O)C(O)C(O)C1O,362
C(C1C(C(C(C(O1)OC2C(OC(C2O)(CO)O)CO)O)O)O)O,362.7
O=C(CO)C(O)C(O)C(CO)OC1OC(CO)C(O)C(O)C1O,362.7
O=C1OC(C2=C1C=CC=C2)(C3=CC=C(C=C3)O[H])C4=CC=C(C=C4)O[H],363
C(C1C(C(C(C(O1)OC2C(OC(C(C2O)O)O)CO)O)O)O)O,363
C(C1C(C(C(C(O1)OC2C(OC(C(C2O)O)O)CO)O)O)O)O,363
C(C1C(C(C(C(O1)OC2C(OC(C(C2O)O)O)CO)O)O)O)O,363
C1CC(=O)NC2=C1C=CC(=C2)OCCCCN3CCN(CC3)C4=C(C(=CC=C4)Cl)Cl,363
OCC1OC(OC2C(CO)OC(O)C(O)C2O)C(O)C(O)C1O,363
C(C1C(C(C(C(O1)OC2C(OC(C(C2O)O)O)CO)O)O)O)O,364
CC1CC(=O)C=C(C12C(=O)C3=C(O2)C(=C(C=C3OC)OC)Cl)OC,364
COC1=CC(=O)CC(C)C12Oc1c(Cl)c(OC)cc(OC)c1C2=O,364
O=C1OC(C2=C1C=CC=C2)(C3=CC=C(C=C3)O[H])C4=CC=C(C=C4)O[H],365
COC1=C(C=C2C(=C1)C34CCN5C3CC6C7C4N2C(=O)CC7OCC=C6C5)OC,365
COC1=C(C=C2C(=C1)C34CCN5C3CC6C7C4N2C(=O)CC7OCC=C6C5)OC,365
O=C1OC(c2ccc(O)cc2)(c2ccc(O)cc2)c2ccccc21,365
COc1cc2c(cc1OC)C13CCN4CC5=CCOC6CC(=O)N2C1C6C5CC43,365
CC12CC(=O)C3C(C1CCC2(C(=O)CO)O)CCC4=CC(=O)C=CC34C,366
OCC1OC(OC2C(CO)OC(O)C(O)C2O)C(O)C(O)C1O,366
OCC1OC(OCC2OC(O)C(O)C(O)C2O)C(O)C(O)C1O,367
OCC1OC(OCC2OC(O)C(O)C(O)C2O)C(O)C(O)C1O,367
C(C1C(C(C(C(O1)OC2C(OC(C2O)(CO)O)CO)O)O)O)O,367.4
OCC1OC(OC2C(CO)OC(O)(CO)C2O)C(O)C(O)C1O,367.4
C(C1C(C(C(C(O1)OC2C(OC(C(C2O)O)O)CO)O)O)O)O,368
C(C1C(C(C(C(O1)OCC2C(C(C(C(O2)O)O)O)O)O)O)O)O,368
CCCC1OC2CC3C4CCC5=CC(=O)C=CC5(C4C(CC3(C2(O1)C(=O)CO)C)O)C,368
C(C1C(C(C(C(O1)OC2C(C(C(C(O2)CO)O)O)O)O)O)O)O,370
CC1CC(=O)C=C(C12C(=O)C3=C(O2)C(=C(C=C3OC)OC)Cl)OC,370
CC1CC(=O)C=C(C12C(=O)C3=C(O2)C(=C(C=C3OC)OC)Cl)OC,370
COC1=CC(=O)CC(C)C12Oc1c(Cl)c(OC)cc(OC)c1C2=O,370
CC(CCC(=O)O)C1CCC2C1(CCC3C2C(CC4C3(CCC(C4)O)C)O)C,371
CC(CCC(=O)O)C1CCC2C1(CCC3C2C(CC4C3(CCC(C4)O)C)O)C,371
COC1=C(C=C2C(=C1)C34CCN5C3CC6C7C4N2C(=O)CC7OCC=C6C5)OC,371
COc1cc2c(cc1OC)C13CCN4CC5=CCOC6CC(=O)N2C1C6C5CC43,371
C(C1C(C(C(C(O1)OC2C(OC(C(C2O)O)O)CO)O)O)O)O,372
Oc5ccc(C4(c1ccc(O)cc1)c2ccccc2c3ccccc34)cc5,372
C(C1C(C(C(C(O1)OC2C(OC(C(C2O)O)O)CO)O)O)O)O,373
C(C1C(C(C(C(O1)OC2C(C(C(C(O2)CO)O)O)O)O)O)O)O,373
CC1=C(C(=CC=C1)C)CNC2=CC(=CN3C2=NC(=C3C)C)C(=O)NCCO,373
C(C1C(C(C(C(O1)OC2C(OC(C(C2O)O)O)CO)O)O)O)O,373.8
C(C1C(C(C(C(O1)OCC2C(C(C(C(O2)O)O)O)O)O)O)O)O,374
C(C1C(C(C(C(O1)OC(C(CO)O)C(C(C=O)O)O)O)O)O)O,374
C(C1C(C(C(C(O1)OCC2C(C(C(C(O2)O)O)O)O)O)O)O)O,374.5
C(C1C(C(C(C(O1)OCC2C(C(C(C(O2)OC3(C(C(C(O3)CO)O)O)CO)O)O)O)O)O)O)O,375
C(C1C(C(C(C(O1)OCC2C(C(C(C(O2)OC3(C(C(C(O3)CO)O)O)CO)O)O)O)O)O)O)O,376.4
CC(CCC(=O)O)C1CCC2C1(C(CC3C2CCC4C3(CCC(C4)O)C)O)C,377
CC(CCC(=O)O)C1CCC2C1(C(CC3C2CCC4C3(CCC(C4)O)C)O)C,377
C=CC1CN2CCC1CC2C(C3=CC=NC4=CC=CC=C34)O,377
O=CC(O)C(O)C(OC1OC(CO)C(O)C(O)C1O)C(O)CO,377
CC(CCC(=O)O)C1CCC2C3CCC4CC(O)CCC4(C)C3CC(O)C12C,377
C=CC1CN2CCC1CC2C(O)c1ccnc2ccccc12,377
CC(CCC(=O)O)C1CCC2C1(CCC3C2C(CC4C3(CCC(C4)O)C)O)C,378
CC(CCC(=O)O)C1CCC2C1(CCC3C2C(CC4C3(CCC(C4)O)C)O)C,378
C(C1C(C(C(C(O1)OC2C(C(C(C(O2)CO)O)O)O)O)O)O)O,378
CC(CCC(=O)O)C1CCC2C3C(O)CC4CC(O)CCC4(C)C3CCC12C,378
C(C1C(C(C(C(O1)OCC2C(C(C(C(O2)OC3(C(C(C(O3)CO)O)O)CO)O)O)O)O)O)O)O,379
OCC1OC(OC2C(CO)OC(O)C(O)C2O)C(O)C(O)C1O,379
OCC1OC(OCC2OC(OC3(CO)OC(CO)C(O)C3O)C(O)C(O)C2O)C(O)C(O)C1O,379
C(C1C(C(C(C(O1)OC2C(C(C(C(O2)CO)O)O)O)O)O)O)O,380
C(C1C(C(C(C(O1)OC2C(C(C(C(O2)CO)O)O)O)O)O)O)O,380
C(C1C(C(C(C(O1)OC(C(CO)O)C(C(C=O)O)O)O)O)O)O,381
C(C1C(C(C(C(O1)OC2C(OC(C(C2O)O)O)CO)O)O)O)O,381.3
C(C1C(C(C(C(O1)OCC2C(C(C(C(O2)OC3(C(C(C(O3)CO)O)O)CO)O)O)O)O)O)O)O,382
C(C1C(C(C(C(O1)OC(C(CO)O)C(C(C=O)O)O)O)O)O)O,383
C(C1C(C(C(C(O1)OC2C(OC(C(C2O)O)OC3C(OC(C(C3O)O)O)CO)CO)O)O)O)O,383
OCC1OC(OC2OC(CO)C(O)C(O)C2O)C(O)C(O)C1O,383
O=CC(O)C(O)C(OC1OC(CO)C(O)C(O)C1O)C(O)CO,383
C(C1C(C(C(C(O1)OC2C(C(C(C(O2)CO)O)O)O)O)O)O)O,385
C1NC2=CC(=C(C=C2S(=O)(=O)N1)S(=O)(=O)N)Cl,385
NS(=O)(=O)c1cc2c(cc1Cl)NCNS2(=O)=O,385
C(C1C(C(C(C(O1)OC(C(CO)O)C(C(C=O)O)O)O)O)O)O,385.3
C(C1C(C(C(C(O1)OCC2C(C(C(C(O2)OC3(C(C(C(O3)CO)O)O)CO)O)O)O)O)O)O)O,385.6
C(C1C(C(C(C(O1)OC2C(C(C(C(O2)CO)O)O)O)O)O)O)O,386
C(C1C(C(C(C(O1)OC(C(CO)O)C(C(C=O)O)O)O)O)O)O,387
C(C1C(C(C(C(O1)OC(C(CO)O)C(C(C=O)O)O)O)O)O)O,387
C(C1C(C(C(C(O1)OCC2C(C(C(C(O2)OC3(C(C(C(O3)CO)O)O)CO)O)O)O)O)O)O)O,387
C(C1C(C(C(C(O1)OCC2C(C(C(C(O2)OC3(C(C(C(O3)CO)O)O)CO)O)O)O)O)O)O)O,387
C(C1C(C(C(C(O1)OC2C(C(C(C(O2)CO)O)O)O)O)O)O)O,387
C(C1C(C(C(C(O1)OC2C(C(C(C(O2)CO)O)O)O)O)O)O)O,388
C(C1C(C(C(C(O1)OC2C(C(C(C(O2)CO)O)O)O)O)O)O)O,388
C(C1C(C(C(C(O1)OC2C(C(C(C(O2)CO)O)O)O)O)O)O)O,390
C(C1C(C(C(C(O1)OC2C(C(C(C(O2)CO)O)O)O)O)O)O)O,391
CC(CCC(=O)O)C1CCC2C1(C(CC3C2C(CC4C3(CCC(C4)O)C)O)O)C,393
CC(CCC(=O)O)C1CCC2C1(C(CC3C2C(CC4C3(CCC(C4)O)C)O)O)C,393
CC(CCC(=O)O)C1CCC2C3C(O)CC4CC(O)CCC4(C)C3CC(O)C12C,393
C=CC1CN2CCC1CC2C(C3=CC=NC4=CC=CC=C34)O,395
OCC1OC(OC2C(CO)OC(OC3C(CO)OC(O)C(O)C3O)C(O)C2O)C(O)C(O)C1O,395
C=CC1CN2CCC1CC2C(O)c1ccnc2ccccc12,395
C(C1C(C(C(C(O1)OCC2C(C(C(C(O2)OCC3C(C(C(C(O3)OC4(C(C(C(O4)CO)O)O)CO)O)O)O)O)O)O)O)O)O)O,396
OCC1OC(OCC2OC(OCC3OC(OC4(CO)OC(CO)C(O)C4O)C(O)C(O)C3O)C(O)C(O)C2O)C(O)C(O)C1O,396
C(C1C(C(C(C(O1)OC2C(OC(C(C2O)O)OC3C(OC(C(C3O)O)OC4C(OC(C(C4O)O)O)CO)CO)CO)O)O)O)O,401
CC(=O)Nc2ccc4c(=O)n(c1ccc(C)cc1C)c(=O)c3cccc2c34,401
CC3(C)CC(C)(c1ccc(C(=O)O)cc1)c2cc(C(=O)O)ccc23,402
C(C1C(C(C(C(O1)OC2C(OC(C(C2O)O)OC3C(OC(C(C3O)O)O)CO)CO)O)O)O)O,407
C(C1C(C(C(C(O1)OC2C(OC(C(C2O)O)OC3C(OC(C(C3O)O)OC4C(OC(C(C4O)O)OC5C(OC(C(C5O)O)O)CO)CO)CO)CO)O)O)O)O,410
OCC1OC(OC2C(CO)OC(OC3C(CO)OC(OC4C(CO)OC(O)C(O)C4O)C(O)C3O)C(O)C2O)C(O)C(O)C1O,411
C(C1C(C(C(C(O1)OC2C(OC(C(C2O)O)OC3C(OC(C(C3O)O)OC4C(OC(C(C4O)O)OC5C(OC(C(C5O)O)OC6C(OC(C(C6O)O)O)CO)CO)CO)CO)CO)O)O)O)O,418
C(C1C(C(C(C(O1)OC2C(OC(C(C2O)O)OC3C(OC(C(C3O)O)OC4C(OC(C(C4O)O)O)CO)CO)CO)O)O)O)O,421
C(C1C(C(C(C(O1)OC2C(OC(C(C2O)O)OC3C(OC(C(C3O)O)OC4C(OC(C(C4O)O)OC5C(OC(C(C5O)O)OC6C(OC(C(C6O)O)OC7C(OC(C(C7O)O)O)CO)CO)CO)CO)CO)CO)O)O)O)O,423
OCC1OC(OC2C(CO)OC(OC3C(CO)OC(OC4C(CO)OC(OC5C(CO)OC(OC6C(CO)OC(OC7C(CO)OC(O)C(O)C7O)C(O)C6O)C(O)C5O)C(O)C4O)C(O)C3O)C(O)C2O)C(O)C(O)C1O,423
OCC1OC(OC2C(CO)OC(OC3C(CO)OC(OC4C(CO)OC(OC5C(CO)OC(O)C(O)C5O)C(O)C4O)C(O)C3O)C(O)C2O)C(O)C(O)C1O,427
OCC1OC(OC2C(CO)OC(OC3C(CO)OC(OC4C(CO)OC(OC5C(CO)OC(OC6C(CO)OC(O)C(O)C6O)C(O)C5O)C(O)C4O)C(O)C3O)C(O)C2O)C(O)C(O)C1O,433
C(C1C(C(C(C(O1)OC2C(OC(C(C2O)O)OC3C(OC(C(C3O)O)OC4C(OC(C(C4O)O)OC5C(OC(C(C5O)O)O)CO)CO)CO)CO)O)O)O)O,443
C(C1C(C(C(C(O1)OC2C(OC(C(C2O)O)OC3C(OC(C(C3O)O)OC4C(OC(C(C4O)O)OC5C(OC(C(C5O)O)OC6C(OC(C(C6O)O)O)CO)CO)CO)CO)CO)O)O)O)O,448